{"cameraMode":{"drawMode":0,"name":"Shaded","section":"Shading Mode"},"sceneLighting":true,"audioPlay":false,"sceneViewState":{"showFog":true,"showMaterialUpdate":false,"showSkybox":true,"showFlares":true,"showImageEffects":true,"showParticleSystems":true},"in2DMode":false,"pivot":{"x":13.493335723876954,"y":2.7610955238342287,"z":5.390678405761719},"rotation":{"x":0.23418587446212769,"y":0.5322704911231995,"z":-0.1561216413974762,"w":0.7984195351600647},"size":35.77389907836914,"orthographic":false}