{"cameraMode":{"drawMode":0,"name":"Shaded","section":"Shading Mode"},"sceneLighting":true,"audioPlay":false,"sceneViewState":{"showFog":true,"showMaterialUpdate":false,"showSkybox":true,"showFlares":true,"showImageEffects":true,"showParticleSystems":true},"in2DMode":false,"pivot":{"x":13.111380577087403,"y":7.853426456451416,"z":10.009739875793457},"rotation":{"x":-0.10709173232316971,"y":0.8356996178627014,"z":-0.1757739931344986,"w":-0.5091568827629089},"size":21.224349975585939,"orthographic":false}