{"cameraMode":{"drawMode":0,"name":"Shaded","section":"Shading Mode"},"sceneLighting":true,"audioPlay":false,"sceneViewState":{"showFog":true,"showMaterialUpdate":false,"showSkybox":true,"showFlares":true,"showImageEffects":true,"showParticleSystems":true},"in2DMode":false,"pivot":{"x":8.160163879394532,"y":0.17056584358215333,"z":13.23100757598877},"rotation":{"x":0.15524962544441224,"y":0.7009175419807434,"z":-0.1606513112783432,"w":0.6773508191108704},"size":33.73331832885742,"orthographic":false}