{"cameraMode":{"drawMode":0,"name":"Shaded","section":"Shading Mode"},"sceneLighting":false,"audioPlay":false,"sceneViewState":{"showFog":true,"showMaterialUpdate":false,"showSkybox":false,"showFlares":true,"showImageEffects":true,"showParticleSystems":true},"in2DMode":false,"pivot":{"x":0.0,"y":0.1049782857298851,"z":0.0000010719522833824158},"rotation":{"x":0.11858145147562027,"y":0.7993422150611877,"z":-0.16786745190620423,"w":0.5646476745605469},"size":0.7199079394340515,"orthographic":true}