{"cameraMode":{"drawMode":0,"name":"Shaded","section":"Shading Mode"},"sceneLighting":true,"audioPlay":false,"sceneViewState":{"showFog":true,"showMaterialUpdate":false,"showSkybox":true,"showFlares":true,"showImageEffects":true,"showParticleSystems":true},"in2DMode":false,"pivot":{"x":3.5636515617370607,"y":6.80552339553833,"z":6.406612396240234},"rotation":{"x":0.20628120005130769,"y":0.4223630726337433,"z":-0.09933985024690628,"w":0.8770539164543152},"size":20.705551147460939,"orthographic":true}